sourceTaxonId	sourceTaxonName	interactionTypeId	interactionTypeName	targetTaxonId	targetTaxonName	localityId	localityName	decimalLatitude	decimalLongitude	observationDateTime	referenceDoi	referenceCitation
EOL:584739	Abutilon theophrasti	RO:0002434	interacts with	EOL:1045608	Apis mellifera	GEONAMES:4896861	southwestern Illinois, USA					Robertson, C. 1929. Flowers and insects: lists of visitors to four hundred and fifty-three flowers. Carlinville, IL, USA, C. Robertson.
EOL:584739	Abutilon theophrasti	RO:0002434	interacts with	EOL:23264661	Epimelissodes obliqua	GEONAMES:4896861	southwestern Illinois, USA					Robertson, C. 1929. Flowers and insects: lists of visitors to four hundred and fifty-three flowers. Carlinville, IL, USA, C. Robertson.
EOL:584739	Abutilon theophrasti	RO:0002434	interacts with	EOL:2751035	Megachile brevis	GEONAMES:4896861	southwestern Illinois, USA					Robertson, C. 1929. Flowers and insects: lists of visitors to four hundred and fifty-three flowers. Carlinville, IL, USA, C. Robertson.
EOL:467225	Achillea millefolium	RO:0002434	interacts with	EOL:2751820	Megachile petulans	GEONAMES:4896861	southwestern Illinois, USA					Robertson, C. 1929. Flowers and insects: lists of visitors to four hundred and fifty-three flowers. Carlinville, IL, USA, C. Robertson.
EOL:585625	Asclepias incarnata	RO:0002434	interacts with	EOL:177398	Achalarus lycidas	GEONAMES:4896861	southwestern Illinois, USA					Robertson, C. 1929. Flowers and insects: lists of visitors to four hundred and fifty-three flowers. Carlinville, IL, USA, C. Robertson.
EOL:585625	Asclepias incarnata	RO:0002434	interacts with	EOL:2867115	Acmaeodera pulchella	GEONAMES:4896861	southwestern Illinois, USA					Robertson, C. 1929. Flowers and insects: lists of visitors to four hundred and fifty-three flowers. Carlinville, IL, USA, C. Robertson.
EOL:585625	Asclepias incarnata	RO:0002434	interacts with	EOL:1045608	Apis mellifera	GEONAMES:4896861	southwestern Illinois, USA					Robertson, C. 1929. Flowers and insects: lists of visitors to four hundred and fifty-three flowers. Carlinville, IL, USA, C. Robertson.
EOL:585625	Asclepias incarnata	RO:0002434	interacts with	EOL:1065138	Bombus impatiens	GEONAMES:4896861	southwestern Illinois, USA					Robertson, C. 1929. Flowers and insects: lists of visitors to four hundred and fifty-three flowers. Carlinville, IL, USA, C. Robertson.
EOL:585625	Asclepias incarnata	RO:0002434	interacts with	EOL:2751035	Megachile brevis	GEONAMES:4896861	southwestern Illinois, USA					Robertson, C. 1929. Flowers and insects: lists of visitors to four hundred and fifty-three flowers. Carlinville, IL, USA, C. Robertson.
EOL:581263	Asclepias purpurascens	RO:0002434	interacts with	EOL:1045608	Apis mellifera	GEONAMES:4896861	southwestern Illinois, USA					Robertson, C. 1929. Flowers and insects: lists of visitors to four hundred and fifty-three flowers. Carlinville, IL, USA, C. Robertson.
EOL:581263	Asclepias purpurascens	RO:0002434	interacts with	EOL:2750820	Megachile addenda	GEONAMES:4896861	southwestern Illinois, USA					Robertson, C. 1929. Flowers and insects: lists of visitors to four hundred and fifty-three flowers. Carlinville, IL, USA, C. Robertson.
EOL:581263	Asclepias purpurascens	RO:0002434	interacts with	EOL:2751631	Megachile mendica	GEONAMES:4896861	southwestern Illinois, USA					Robertson, C. 1929. Flowers and insects: lists of visitors to four hundred and fifty-three flowers. Carlinville, IL, USA, C. Robertson.
EOL:581274	Asclepias sullivantii	RO:0002434	interacts with	EOL:1045608	Apis mellifera	GEONAMES:4896861	southwestern Illinois, USA					Robertson, C. 1929. Flowers and insects: lists of visitors to four hundred and fifty-three flowers. Carlinville, IL, USA, C. Robertson.
EOL:581274	Asclepias sullivantii	RO:0002434	interacts with	EOL:2750820	Megachile addenda	GEONAMES:4896861	southwestern Illinois, USA					Robertson, C. 1929. Flowers and insects: lists of visitors to four hundred and fifty-three flowers. Carlinville, IL, USA, C. Robertson.
EOL:581274	Asclepias sullivantii	RO:0002434	interacts with	EOL:2751035	Megachile brevis	GEONAMES:4896861	southwestern Illinois, USA					Robertson, C. 1929. Flowers and insects: lists of visitors to four hundred and fifty-three flowers. Carlinville, IL, USA, C. Robertson.
EOL:581274	Asclepias sullivantii	RO:0002434	interacts with	EOL:2751631	Megachile mendica	GEONAMES:4896861	southwestern Illinois, USA					Robertson, C. 1929. Flowers and insects: lists of visitors to four hundred and fifty-three flowers. Carlinville, IL, USA, C. Robertson.
EOL:581274	Asclepias sullivantii	RO:0002434	interacts with	EOL:2751820	Megachile petulans	GEONAMES:4896861	southwestern Illinois, USA					Robertson, C. 1929. Flowers and insects: lists of visitors to four hundred and fifty-three flowers. Carlinville, IL, USA, C. Robertson.
EOL:581274	Asclepias sullivantii	RO:0002434	interacts with	EOL:734752	Zodion obliquefasciatum	GEONAMES:4896861	southwestern Illinois, USA					Robertson, C. 1929. Flowers and insects: lists of visitors to four hundred and fifty-three flowers. Carlinville, IL, USA, C. Robertson.
EOL:581277	Asclepias syriaca	RO:0002434	interacts with	EOL:177398	Achalarus lycidas	GEONAMES:4896861	southwestern Illinois, USA					Robertson, C. 1929. Flowers and insects: lists of visitors to four hundred and fifty-three flowers. Carlinville, IL, USA, C. Robertson.
EOL:581277	Asclepias syriaca	RO:0002434	interacts with	EOL:29688730	Agapostemon radiatus	GEONAMES:4896861	southwestern Illinois, USA					Robertson, C. 1929. Flowers and insects: lists of visitors to four hundred and fifty-three flowers. Carlinville, IL, USA, C. Robertson.
EOL:581277	Asclepias syriaca	RO:0002434	interacts with	EOL:1045608	Apis mellifera	GEONAMES:4896861	southwestern Illinois, USA					Robertson, C. 1929. Flowers and insects: lists of visitors to four hundred and fifty-three flowers. Carlinville, IL, USA, C. Robertson.
EOL:581277	Asclepias syriaca	RO:0002434	interacts with	EOL:23264661	Epimelissodes obliqua	GEONAMES:4896861	southwestern Illinois, USA					Robertson, C. 1929. Flowers and insects: lists of visitors to four hundred and fifty-three flowers. Carlinville, IL, USA, C. Robertson.
EOL:581277	Asclepias syriaca	RO:0002434	interacts with	EOL:2751035	Megachile brevis	GEONAMES:4896861	southwestern Illinois, USA					Robertson, C. 1929. Flowers and insects: lists of visitors to four hundred and fifty-three flowers. Carlinville, IL, USA, C. Robertson.
EOL:581277	Asclepias syriaca	RO:0002434	interacts with	EOL:2751820	Megachile petulans	GEONAMES:4896861	southwestern Illinois, USA					Robertson, C. 1929. Flowers and insects: lists of visitors to four hundred and fifty-three flowers. Carlinville, IL, USA, C. Robertson.
EOL:585598	Asclepias verticillata	RO:0002434	interacts with	EOL:177398	Achalarus lycidas	GEONAMES:4896861	southwestern Illinois, USA					Robertson, C. 1929. Flowers and insects: lists of visitors to four hundred and fifty-three flowers. Carlinville, IL, USA, C. Robertson.
EOL:585598	Asclepias verticillata	RO:0002434	interacts with	EOL:29688730	Agapostemon radiatus	GEONAMES:4896861	southwestern Illinois, USA					Robertson, C. 1929. Flowers and insects: lists of visitors to four hundred and fifty-three flowers. Carlinville, IL, USA, C. Robertson.
EOL:585598	Asclepias verticillata	RO:0002434	interacts with	EOL:1045608	Apis mellifera	GEONAMES:4896861	southwestern Illinois, USA					Robertson, C. 1929. Flowers and insects: lists of visitors to four hundred and fifty-three flowers. Carlinville, IL, USA, C. Robertson.
EOL:585598	Asclepias verticillata	RO:0002434	interacts with	EOL:1065138	Bombus impatiens	GEONAMES:4896861	southwestern Illinois, USA					Robertson, C. 1929. Flowers and insects: lists of visitors to four hundred and fifty-three flowers. Carlinville, IL, USA, C. Robertson.
EOL:585598	Asclepias verticillata	RO:0002434	interacts with	EOL:2751035	Megachile brevis	GEONAMES:4896861	southwestern Illinois, USA					Robertson, C. 1929. Flowers and insects: lists of visitors to four hundred and fifty-three flowers. Carlinville, IL, USA, C. Robertson.
EOL:595657	Blephilia ciliata	RO:0002434	interacts with	EOL:177398	Achalarus lycidas	GEONAMES:4896861	southwestern Illinois, USA					Robertson, C. 1929. Flowers and insects: lists of visitors to four hundred and fifty-three flowers. Carlinville, IL, USA, C. Robertson.
EOL:595657	Blephilia ciliata	RO:0002434	interacts with	EOL:1045608	Apis mellifera	GEONAMES:4896861	southwestern Illinois, USA					Robertson, C. 1929. Flowers and insects: lists of visitors to four hundred and fifty-three flowers. Carlinville, IL, USA, C. Robertson.
EOL:595657	Blephilia ciliata	RO:0002434	interacts with	EOL:1065138	Bombus impatiens	GEONAMES:4896861	southwestern Illinois, USA					Robertson, C. 1929. Flowers and insects: lists of visitors to four hundred and fifty-three flowers. Carlinville, IL, USA, C. Robertson.
EOL:595657	Blephilia ciliata	RO:0002434	interacts with	EOL:2748144	Calliopsis andreniformis	GEONAMES:4896861	southwestern Illinois, USA					Robertson, C. 1929. Flowers and insects: lists of visitors to four hundred and fifty-three flowers. Carlinville, IL, USA, C. Robertson.
EOL:595657	Blephilia ciliata	RO:0002434	interacts with	EOL:2751035	Megachile brevis	GEONAMES:4896861	southwestern Illinois, USA					Robertson, C. 1929. Flowers and insects: lists of visitors to four hundred and fifty-three flowers. Carlinville, IL, USA, C. Robertson.
EOL:579624	Blephilia hirsuta	RO:0002434	interacts with	EOL:29688730	Agapostemon radiatus	GEONAMES:4896861	southwestern Illinois, USA					Robertson, C. 1929. Flowers and insects: lists of visitors to four hundred and fifty-three flowers. Carlinville, IL, USA, C. Robertson.
EOL:579624	Blephilia hirsuta	RO:0002434	interacts with	EOL:1045608	Apis mellifera	GEONAMES:4896861	southwestern Illinois, USA					Robertson, C. 1929. Flowers and insects: lists of visitors to four hundred and fifty-three flowers. Carlinville, IL, USA, C. Robertson.
EOL:579624	Blephilia hirsuta	RO:0002434	interacts with	EOL:1065138	Bombus impatiens	GEONAMES:4896861	southwestern Illinois, USA					Robertson, C. 1929. Flowers and insects: lists of visitors to four hundred and fifty-three flowers. Carlinville, IL, USA, C. Robertson.
EOL:579624	Blephilia hirsuta	RO:0002434	interacts with	EOL:23264661	Epimelissodes obliqua	GEONAMES:4896861	southwestern Illinois, USA					Robertson, C. 1929. Flowers and insects: lists of visitors to four hundred and fifty-three flowers. Carlinville, IL, USA, C. Robertson.
EOL:579624	Blephilia hirsuta	RO:0002434	interacts with	EOL:2751035	Megachile brevis	GEONAMES:4896861	southwestern Illinois, USA					Robertson, C. 1929. Flowers and insects: lists of visitors to four hundred and fifty-three flowers. Carlinville, IL, USA, C. Robertson.
EOL:579624	Blephilia hirsuta	RO:0002434	interacts with	EOL:2751631	Megachile mendica	GEONAMES:4896861	southwestern Illinois, USA					Robertson, C. 1929. Flowers and insects: lists of visitors to four hundred and fifty-three flowers. Carlinville, IL, USA, C. Robertson.
EOL:579624	Blephilia hirsuta	RO:0002434	interacts with	EOL:2751820	Megachile petulans	GEONAMES:4896861	southwestern Illinois, USA					Robertson, C. 1929. Flowers and insects: lists of visitors to four hundred and fifty-three flowers. Carlinville, IL, USA, C. Robertson.
EOL:579624	Blephilia hirsuta	RO:0002434	interacts with	EOL:734752	Zodion obliquefasciatum	GEONAMES:4896861	southwestern Illinois, USA					Robertson, C. 1929. Flowers and insects: lists of visitors to four hundred and fifty-three flowers. Carlinville, IL, USA, C. Robertson.
EOL:467544	Brauneria purpurea	RO:0002434	interacts with	EOL:1045608	Apis mellifera	GEONAMES:4896861	southwestern Illinois, USA					Robertson, C. 1929. Flowers and insects: lists of visitors to four hundred and fifty-three flowers. Carlinville, IL, USA, C. Robertson.
EOL:467544	Brauneria purpurea	RO:0002434	interacts with	EOL:1065138	Bombus impatiens	GEONAMES:4896861	southwestern Illinois, USA					Robertson, C. 1929. Flowers and insects: lists of visitors to four hundred and fifty-three flowers. Carlinville, IL, USA, C. Robertson.
EOL:467544	Brauneria purpurea	RO:0002434	interacts with	EOL:23264661	Epimelissodes obliqua	GEONAMES:4896861	southwestern Illinois, USA					Robertson, C. 1929. Flowers and insects: lists of visitors to four hundred and fifty-three flowers. Carlinville, IL, USA, C. Robertson.
EOL:467544	Brauneria purpurea	RO:0002434	interacts with	EOL:2751035	Megachile brevis	GEONAMES:4896861	southwestern Illinois, USA					Robertson, C. 1929. Flowers and insects: lists of visitors to four hundred and fifty-three flowers. Carlinville, IL, USA, C. Robertson.
EOL:467544	Brauneria purpurea	RO:0002434	interacts with	EOL:2751820	Megachile petulans	GEONAMES:4896861	southwestern Illinois, USA					Robertson, C. 1929. Flowers and insects: lists of visitors to four hundred and fifty-three flowers. Carlinville, IL, USA, C. Robertson.
EOL:467544	Brauneria purpurea	RO:0002434	interacts with	EOL:734752	Zodion obliquefasciatum	GEONAMES:4896861	southwestern Illinois, USA					Robertson, C. 1929. Flowers and insects: lists of visitors to four hundred and fifty-three flowers. Carlinville, IL, USA, C. Robertson.
EOL:467455	Coreopsis tripteris	RO:0002434	interacts with	EOL:1045608	Apis mellifera	GEONAMES:4896861	southwestern Illinois, USA					Robertson, C. 1929. Flowers and insects: lists of visitors to four hundred and fifty-three flowers. Carlinville, IL, USA, C. Robertson.
EOL:467455	Coreopsis tripteris	RO:0002434	interacts with	EOL:1065138	Bombus impatiens	GEONAMES:4896861	southwestern Illinois, USA					Robertson, C. 1929. Flowers and insects: lists of visitors to four hundred and fifty-three flowers. Carlinville, IL, USA, C. Robertson.
EOL:467455	Coreopsis tripteris	RO:0002434	interacts with	EOL:23264661	Epimelissodes obliqua	GEONAMES:4896861	southwestern Illinois, USA					Robertson, C. 1929. Flowers and insects: lists of visitors to four hundred and fifty-three flowers. Carlinville, IL, USA, C. Robertson.
EOL:467455	Coreopsis tripteris	RO:0002434	interacts with	EOL:2751035	Megachile brevis	GEONAMES:4896861	southwestern Illinois, USA					Robertson, C. 1929. Flowers and insects: lists of visitors to four hundred and fifty-three flowers. Carlinville, IL, USA, C. Robertson.
EOL:467455	Coreopsis tripteris	RO:0002434	interacts with	EOL:2751820	Megachile petulans	GEONAMES:4896861	southwestern Illinois, USA					Robertson, C. 1929. Flowers and insects: lists of visitors to four hundred and fifty-three flowers. Carlinville, IL, USA, C. Robertson.
EOL:467455	Coreopsis tripteris	RO:0002434	interacts with	EOL:734752	Zodion obliquefasciatum	GEONAMES:4896861	southwestern Illinois, USA					Robertson, C. 1929. Flowers and insects: lists of visitors to four hundred and fifty-three flowers. Carlinville, IL, USA, C. Robertson.
EOL:584335	Eryngium yuccifolium	RO:0002434	interacts with	EOL:29688730	Agapostemon radiatus	GEONAMES:4896861	southwestern Illinois, USA					Robertson, C. 1929. Flowers and insects: lists of visitors to four hundred and fifty-three flowers. Carlinville, IL, USA, C. Robertson.
EOL:584335	Eryngium yuccifolium	RO:0002434	interacts with	EOL:1045608	Apis mellifera	GEONAMES:4896861	southwestern Illinois, USA					Robertson, C. 1929. Flowers and insects: lists of visitors to four hundred and fifty-three flowers. Carlinville, IL, USA, C. Robertson.
EOL:584335	Eryngium yuccifolium	RO:0002434	interacts with	EOL:1065138	Bombus impatiens	GEONAMES:4896861	southwestern Illinois, USA					Robertson, C. 1929. Flowers and insects: lists of visitors to four hundred and fifty-three flowers. Carlinville, IL, USA, C. Robertson.
EOL:584335	Eryngium yuccifolium	RO:0002434	interacts with	EOL:2748144	Calliopsis andreniformis	GEONAMES:4896861	southwestern Illinois, USA					Robertson, C. 1929. Flowers and insects: lists of visitors to four hundred and fifty-three flowers. Carlinville, IL, USA, C. Robertson.
EOL:584335	Eryngium yuccifolium	RO:0002434	interacts with	EOL:2751035	Megachile brevis	GEONAMES:4896861	southwestern Illinois, USA					Robertson, C. 1929. Flowers and insects: lists of visitors to four hundred and fifty-three flowers. Carlinville, IL, USA, C. Robertson.
EOL:584335	Eryngium yuccifolium	RO:0002434	interacts with	EOL:2751631	Megachile mendica	GEONAMES:4896861	southwestern Illinois, USA					Robertson, C. 1929. Flowers and insects: lists of visitors to four hundred and fifty-three flowers. Carlinville, IL, USA, C. Robertson.
EOL:584335	Eryngium yuccifolium	RO:0002434	interacts with	EOL:2751820	Megachile petulans	GEONAMES:4896861	southwestern Illinois, USA					Robertson, C. 1929. Flowers and insects: lists of visitors to four hundred and fifty-three flowers. Carlinville, IL, USA, C. Robertson.
EOL:584335	Eryngium yuccifolium	RO:0002434	interacts with	EOL:734752	Zodion obliquefasciatum	GEONAMES:4896861	southwestern Illinois, USA					Robertson, C. 1929. Flowers and insects: lists of visitors to four hundred and fifty-three flowers. Carlinville, IL, USA, C. Robertson.
EOL:509712	Lepachys pinnata	RO:0002434	interacts with	EOL:2867115	Acmaeodera pulchella	GEONAMES:4896861	southwestern Illinois, USA					Robertson, C. 1929. Flowers and insects: lists of visitors to four hundred and fifty-three flowers. Carlinville, IL, USA, C. Robertson.
EOL:509712	Lepachys pinnata	RO:0002434	interacts with	EOL:29688730	Agapostemon radiatus	GEONAMES:4896861	southwestern Illinois, USA					Robertson, C. 1929. Flowers and insects: lists of visitors to four hundred and fifty-three flowers. Carlinville, IL, USA, C. Robertson.
EOL:509712	Lepachys pinnata	RO:0002434	interacts with	EOL:23264661	Epimelissodes obliqua	GEONAMES:4896861	southwestern Illinois, USA					Robertson, C. 1929. Flowers and insects: lists of visitors to four hundred and fifty-three flowers. Carlinville, IL, USA, C. Robertson.
EOL:509712	Lepachys pinnata	RO:0002434	interacts with	EOL:2751035	Megachile brevis	GEONAMES:4896861	southwestern Illinois, USA					Robertson, C. 1929. Flowers and insects: lists of visitors to four hundred and fifty-three flowers. Carlinville, IL, USA, C. Robertson.
EOL:509712	Lepachys pinnata	RO:0002434	interacts with	EOL:2751631	Megachile mendica	GEONAMES:4896861	southwestern Illinois, USA					Robertson, C. 1929. Flowers and insects: lists of visitors to four hundred and fifty-three flowers. Carlinville, IL, USA, C. Robertson.
EOL:509712	Lepachys pinnata	RO:0002434	interacts with	EOL:734752	Zodion obliquefasciatum	GEONAMES:4896861	southwestern Illinois, USA					Robertson, C. 1929. Flowers and insects: lists of visitors to four hundred and fifty-three flowers. Carlinville, IL, USA, C. Robertson.
EOL:6346632	Petalostemum purpureum	RO:0002434	interacts with	EOL:29688730	Agapostemon radiatus	GEONAMES:4896861	southwestern Illinois, USA					Robertson, C. 1929. Flowers and insects: lists of visitors to four hundred and fifty-three flowers. Carlinville, IL, USA, C. Robertson.
EOL:6346632	Petalostemum purpureum	RO:0002434	interacts with	EOL:1045608	Apis mellifera	GEONAMES:4896861	southwestern Illinois, USA					Robertson, C. 1929. Flowers and insects: lists of visitors to four hundred and fifty-three flowers. Carlinville, IL, USA, C. Robertson.
EOL:6346632	Petalostemum purpureum	RO:0002434	interacts with	EOL:1065138	Bombus impatiens	GEONAMES:4896861	southwestern Illinois, USA					Robertson, C. 1929. Flowers and insects: lists of visitors to four hundred and fifty-three flowers. Carlinville, IL, USA, C. Robertson.
EOL:6346632	Petalostemum purpureum	RO:0002434	interacts with	EOL:23264661	Epimelissodes obliqua	GEONAMES:4896861	southwestern Illinois, USA					Robertson, C. 1929. Flowers and insects: lists of visitors to four hundred and fifty-three flowers. Carlinville, IL, USA, C. Robertson.
EOL:6346632	Petalostemum purpureum	RO:0002434	interacts with	EOL:2751035	Megachile brevis	GEONAMES:4896861	southwestern Illinois, USA					Robertson, C. 1929. Flowers and insects: lists of visitors to four hundred and fifty-three flowers. Carlinville, IL, USA, C. Robertson.
EOL:6346632	Petalostemum purpureum	RO:0002434	interacts with	EOL:734752	Zodion obliquefasciatum	GEONAMES:4896861	southwestern Illinois, USA					Robertson, C. 1929. Flowers and insects: lists of visitors to four hundred and fifty-three flowers. Carlinville, IL, USA, C. Robertson.
EOL:588234	Pycnanthemum flexuosum	RO:0002434	interacts with	EOL:29688730	Agapostemon radiatus	GEONAMES:4896861	southwestern Illinois, USA					Robertson, C. 1929. Flowers and insects: lists of visitors to four hundred and fifty-three flowers. Carlinville, IL, USA, C. Robertson.
EOL:588234	Pycnanthemum flexuosum	RO:0002434	interacts with	EOL:1045608	Apis mellifera	GEONAMES:4896861	southwestern Illinois, USA					Robertson, C. 1929. Flowers and insects: lists of visitors to four hundred and fifty-three flowers. Carlinville, IL, USA, C. Robertson.
EOL:588234	Pycnanthemum flexuosum	RO:0002434	interacts with	EOL:1065138	Bombus impatiens	GEONAMES:4896861	southwestern Illinois, USA					Robertson, C. 1929. Flowers and insects: lists of visitors to four hundred and fifty-three flowers. Carlinville, IL, USA, C. Robertson.
EOL:588234	Pycnanthemum flexuosum	RO:0002434	interacts with	EOL:2748144	Calliopsis andreniformis	GEONAMES:4896861	southwestern Illinois, USA					Robertson, C. 1929. Flowers and insects: lists of visitors to four hundred and fifty-three flowers. Carlinville, IL, USA, C. Robertson.
EOL:588234	Pycnanthemum flexuosum	RO:0002434	interacts with	EOL:23264661	Epimelissodes obliqua	GEONAMES:4896861	southwestern Illinois, USA					Robertson, C. 1929. Flowers and insects: lists of visitors to four hundred and fifty-three flowers. Carlinville, IL, USA, C. Robertson.
EOL:588234	Pycnanthemum flexuosum	RO:0002434	interacts with	EOL:2751035	Megachile brevis	GEONAMES:4896861	southwestern Illinois, USA					Robertson, C. 1929. Flowers and insects: lists of visitors to four hundred and fifty-three flowers. Carlinville, IL, USA, C. Robertson.
EOL:588234	Pycnanthemum flexuosum	RO:0002434	interacts with	EOL:2751631	Megachile mendica	GEONAMES:4896861	southwestern Illinois, USA					Robertson, C. 1929. Flowers and insects: lists of visitors to four hundred and fifty-three flowers. Carlinville, IL, USA, C. Robertson.
EOL:588234	Pycnanthemum flexuosum	RO:0002434	interacts with	EOL:2751820	Megachile petulans	GEONAMES:4896861	southwestern Illinois, USA					Robertson, C. 1929. Flowers and insects: lists of visitors to four hundred and fifty-three flowers. Carlinville, IL, USA, C. Robertson.
EOL:588234	Pycnanthemum flexuosum	RO:0002434	interacts with	EOL:734752	Zodion obliquefasciatum	GEONAMES:4896861	southwestern Illinois, USA					Robertson, C. 1929. Flowers and insects: lists of visitors to four hundred and fifty-three flowers. Carlinville, IL, USA, C. Robertson.
EOL:1282736	Pycnanthemum pilosum	RO:0002434	interacts with	EOL:29688730	Agapostemon radiatus	GEONAMES:4896861	southwestern Illinois, USA					Robertson, C. 1929. Flowers and insects: lists of visitors to four hundred and fifty-three flowers. Carlinville, IL, USA, C. Robertson.
EOL:1282736	Pycnanthemum pilosum	RO:0002434	interacts with	EOL:1045608	Apis mellifera	GEONAMES:4896861	southwestern Illinois, USA					Robertson, C. 1929. Flowers and insects: lists of visitors to four hundred and fifty-three flowers. Carlinville, IL, USA, C. Robertson.
EOL:1282736	Pycnanthemum pilosum	RO:0002434	interacts with	EOL:2748144	Calliopsis andreniformis	GEONAMES:4896861	southwestern Illinois, USA					Robertson, C. 1929. Flowers and insects: lists of visitors to four hundred and fifty-three flowers. Carlinville, IL, USA, C. Robertson.
EOL:1282736	Pycnanthemum pilosum	RO:0002434	interacts with	EOL:23264661	Epimelissodes obliqua	GEONAMES:4896861	southwestern Illinois, USA					Robertson, C. 1929. Flowers and insects: lists of visitors to four hundred and fifty-three flowers. Carlinville, IL, USA, C. Robertson.
EOL:1282736	Pycnanthemum pilosum	RO:0002434	interacts with	EOL:2751035	Megachile brevis	GEONAMES:4896861	southwestern Illinois, USA					Robertson, C. 1929. Flowers and insects: lists of visitors to four hundred and fifty-three flowers. Carlinville, IL, USA, C. Robertson.
EOL:1282736	Pycnanthemum pilosum	RO:0002434	interacts with	EOL:2751631	Megachile mendica	GEONAMES:4896861	southwestern Illinois, USA					Robertson, C. 1929. Flowers and insects: lists of visitors to four hundred and fifty-three flowers. Carlinville, IL, USA, C. Robertson.
EOL:1282736	Pycnanthemum pilosum	RO:0002434	interacts with	EOL:2751820	Megachile petulans	GEONAMES:4896861	southwestern Illinois, USA					Robertson, C. 1929. Flowers and insects: lists of visitors to four hundred and fifty-three flowers. Carlinville, IL, USA, C. Robertson.
EOL:1282736	Pycnanthemum pilosum	RO:0002434	interacts with	EOL:734752	Zodion obliquefasciatum	GEONAMES:4896861	southwestern Illinois, USA					Robertson, C. 1929. Flowers and insects: lists of visitors to four hundred and fifty-three flowers. Carlinville, IL, USA, C. Robertson.
EOL:467869	Rudbeckia laciniata	RO:0002434	interacts with	EOL:1045608	Apis mellifera	GEONAMES:4896861	southwestern Illinois, USA					Robertson, C. 1929. Flowers and insects: lists of visitors to four hundred and fifty-three flowers. Carlinville, IL, USA, C. Robertson.
EOL:467869	Rudbeckia laciniata	RO:0002434	interacts with	EOL:1065138	Bombus impatiens	GEONAMES:4896861	southwestern Illinois, USA					Robertson, C. 1929. Flowers and insects: lists of visitors to four hundred and fifty-three flowers. Carlinville, IL, USA, C. Robertson.
EOL:467869	Rudbeckia laciniata	RO:0002434	interacts with	EOL:23264661	Epimelissodes obliqua	GEONAMES:4896861	southwestern Illinois, USA					Robertson, C. 1929. Flowers and insects: lists of visitors to four hundred and fifty-three flowers. Carlinville, IL, USA, C. Robertson.
EOL:467869	Rudbeckia laciniata	RO:0002434	interacts with	EOL:2751820	Megachile petulans	GEONAMES:4896861	southwestern Illinois, USA					Robertson, C. 1929. Flowers and insects: lists of visitors to four hundred and fifty-three flowers. Carlinville, IL, USA, C. Robertson.
EOL:467875	Rudbeckia subtomentosa	RO:0002434	interacts with	EOL:1045608	Apis mellifera	GEONAMES:4896861	southwestern Illinois, USA					Robertson, C. 1929. Flowers and insects: lists of visitors to four hundred and fifty-three flowers. Carlinville, IL, USA, C. Robertson.
EOL:467875	Rudbeckia subtomentosa	RO:0002434	interacts with	EOL:23264661	Epimelissodes obliqua	GEONAMES:4896861	southwestern Illinois, USA					Robertson, C. 1929. Flowers and insects: lists of visitors to four hundred and fifty-three flowers. Carlinville, IL, USA, C. Robertson.
EOL:467875	Rudbeckia subtomentosa	RO:0002434	interacts with	EOL:2751035	Megachile brevis	GEONAMES:4896861	southwestern Illinois, USA					Robertson, C. 1929. Flowers and insects: lists of visitors to four hundred and fifty-three flowers. Carlinville, IL, USA, C. Robertson.
EOL:467875	Rudbeckia subtomentosa	RO:0002434	interacts with	EOL:2751820	Megachile petulans	GEONAMES:4896861	southwestern Illinois, USA					Robertson, C. 1929. Flowers and insects: lists of visitors to four hundred and fifty-three flowers. Carlinville, IL, USA, C. Robertson.
EOL:467875	Rudbeckia subtomentosa	RO:0002434	interacts with	EOL:734752	Zodion obliquefasciatum	GEONAMES:4896861	southwestern Illinois, USA					Robertson, C. 1929. Flowers and insects: lists of visitors to four hundred and fifty-three flowers. Carlinville, IL, USA, C. Robertson.
EOL:467876	Rudbeckia triloba	RO:0002434	interacts with	EOL:29688730	Agapostemon radiatus	GEONAMES:4896861	southwestern Illinois, USA					Robertson, C. 1929. Flowers and insects: lists of visitors to four hundred and fifty-three flowers. Carlinville, IL, USA, C. Robertson.
EOL:467876	Rudbeckia triloba	RO:0002434	interacts with	EOL:1045608	Apis mellifera	GEONAMES:4896861	southwestern Illinois, USA					Robertson, C. 1929. Flowers and insects: lists of visitors to four hundred and fifty-three flowers. Carlinville, IL, USA, C. Robertson.
EOL:467876	Rudbeckia triloba	RO:0002434	interacts with	EOL:2748144	Calliopsis andreniformis	GEONAMES:4896861	southwestern Illinois, USA					Robertson, C. 1929. Flowers and insects: lists of visitors to four hundred and fifty-three flowers. Carlinville, IL, USA, C. Robertson.
EOL:467876	Rudbeckia triloba	RO:0002434	interacts with	EOL:23264661	Epimelissodes obliqua	GEONAMES:4896861	southwestern Illinois, USA					Robertson, C. 1929. Flowers and insects: lists of visitors to four hundred and fifty-three flowers. Carlinville, IL, USA, C. Robertson.
EOL:467876	Rudbeckia triloba	RO:0002434	interacts with	EOL:2751035	Megachile brevis	GEONAMES:4896861	southwestern Illinois, USA					Robertson, C. 1929. Flowers and insects: lists of visitors to four hundred and fifty-three flowers. Carlinville, IL, USA, C. Robertson.
EOL:467876	Rudbeckia triloba	RO:0002434	interacts with	EOL:2751820	Megachile petulans	GEONAMES:4896861	southwestern Illinois, USA					Robertson, C. 1929. Flowers and insects: lists of visitors to four hundred and fifty-three flowers. Carlinville, IL, USA, C. Robertson.
EOL:467876	Rudbeckia triloba	RO:0002434	interacts with	EOL:734752	Zodion obliquefasciatum	GEONAMES:4896861	southwestern Illinois, USA					Robertson, C. 1929. Flowers and insects: lists of visitors to four hundred and fifty-three flowers. Carlinville, IL, USA, C. Robertson.
EOL:595817	Salix humilis	RO:0002434	interacts with	EOL:29688730	Agapostemon radiatus	GEONAMES:4896861	southwestern Illinois, USA					Robertson, C. 1929. Flowers and insects: lists of visitors to four hundred and fifty-three flowers. Carlinville, IL, USA, C. Robertson.
EOL:595817	Salix humilis	RO:0002434	interacts with	EOL:1045608	Apis mellifera	GEONAMES:4896861	southwestern Illinois, USA					Robertson, C. 1929. Flowers and insects: lists of visitors to four hundred and fifty-three flowers. Carlinville, IL, USA, C. Robertson.
EOL:595817	Salix humilis	RO:0002434	interacts with	EOL:1065138	Bombus impatiens	GEONAMES:4896861	southwestern Illinois, USA					Robertson, C. 1929. Flowers and insects: lists of visitors to four hundred and fifty-three flowers. Carlinville, IL, USA, C. Robertson.
EOL:596911	Sassafras variifolium	RO:0002434	interacts with	EOL:40726185	Agromyza aeneoventris	GEONAMES:4896861	southwestern Illinois, USA					Robertson, C. 1929. Flowers and insects: lists of visitors to four hundred and fifty-three flowers. Carlinville, IL, USA, C. Robertson.
EOL:578109	Scrophularia marilandica	RO:0002434	interacts with	EOL:1045608	Apis mellifera	GEONAMES:4896861	southwestern Illinois, USA					Robertson, C. 1929. Flowers and insects: lists of visitors to four hundred and fifty-three flowers. Carlinville, IL, USA, C. Robertson.
EOL:578109	Scrophularia marilandica	RO:0002434	interacts with	EOL:1065138	Bombus impatiens	GEONAMES:4896861	southwestern Illinois, USA					Robertson, C. 1929. Flowers and insects: lists of visitors to four hundred and fifty-three flowers. Carlinville, IL, USA, C. Robertson.
EOL:509361	Silphium laciniatum	RO:0002434	interacts with	EOL:1045608	Apis mellifera	GEONAMES:4896861	southwestern Illinois, USA					Robertson, C. 1929. Flowers and insects: lists of visitors to four hundred and fifty-three flowers. Carlinville, IL, USA, C. Robertson.
EOL:509361	Silphium laciniatum	RO:0002434	interacts with	EOL:23264661	Epimelissodes obliqua	GEONAMES:4896861	southwestern Illinois, USA					Robertson, C. 1929. Flowers and insects: lists of visitors to four hundred and fifty-three flowers. Carlinville, IL, USA, C. Robertson.
EOL:509361	Silphium laciniatum	RO:0002434	interacts with	EOL:2751035	Megachile brevis	GEONAMES:4896861	southwestern Illinois, USA					Robertson, C. 1929. Flowers and insects: lists of visitors to four hundred and fifty-three flowers. Carlinville, IL, USA, C. Robertson.
EOL:509361	Silphium laciniatum	RO:0002434	interacts with	EOL:734752	Zodion obliquefasciatum	GEONAMES:4896861	southwestern Illinois, USA					Robertson, C. 1929. Flowers and insects: lists of visitors to four hundred and fifty-three flowers. Carlinville, IL, USA, C. Robertson.
EOL:509359	Silphium perfoliatum	RO:0002434	interacts with	EOL:29688730	Agapostemon radiatus	GEONAMES:4896861	southwestern Illinois, USA					Robertson, C. 1929. Flowers and insects: lists of visitors to four hundred and fifty-three flowers. Carlinville, IL, USA, C. Robertson.
EOL:509359	Silphium perfoliatum	RO:0002434	interacts with	EOL:1045608	Apis mellifera	GEONAMES:4896861	southwestern Illinois, USA					Robertson, C. 1929. Flowers and insects: lists of visitors to four hundred and fifty-three flowers. Carlinville, IL, USA, C. Robertson.
EOL:509359	Silphium perfoliatum	RO:0002434	interacts with	EOL:1065138	Bombus impatiens	GEONAMES:4896861	southwestern Illinois, USA					Robertson, C. 1929. Flowers and insects: lists of visitors to four hundred and fifty-three flowers. Carlinville, IL, USA, C. Robertson.
EOL:509359	Silphium perfoliatum	RO:0002434	interacts with	EOL:23264661	Epimelissodes obliqua	GEONAMES:4896861	southwestern Illinois, USA					Robertson, C. 1929. Flowers and insects: lists of visitors to four hundred and fifty-three flowers. Carlinville, IL, USA, C. Robertson.
EOL:509359	Silphium perfoliatum	RO:0002434	interacts with	EOL:2751035	Megachile brevis	GEONAMES:4896861	southwestern Illinois, USA					Robertson, C. 1929. Flowers and insects: lists of visitors to four hundred and fifty-three flowers. Carlinville, IL, USA, C. Robertson.
EOL:509359	Silphium perfoliatum	RO:0002434	interacts with	EOL:2751631	Megachile mendica	GEONAMES:4896861	southwestern Illinois, USA					Robertson, C. 1929. Flowers and insects: lists of visitors to four hundred and fifty-three flowers. Carlinville, IL, USA, C. Robertson.
EOL:509359	Silphium perfoliatum	RO:0002434	interacts with	EOL:2751820	Megachile petulans	GEONAMES:4896861	southwestern Illinois, USA					Robertson, C. 1929. Flowers and insects: lists of visitors to four hundred and fifty-three flowers. Carlinville, IL, USA, C. Robertson.
EOL:509359	Silphium perfoliatum	RO:0002434	interacts with	EOL:734752	Zodion obliquefasciatum	GEONAMES:4896861	southwestern Illinois, USA					Robertson, C. 1929. Flowers and insects: lists of visitors to four hundred and fifty-three flowers. Carlinville, IL, USA, C. Robertson.
EOL:468351	Solidago missouriensis	RO:0002434	interacts with	EOL:1045608	Apis mellifera	GEONAMES:4896861	southwestern Illinois, USA					Robertson, C. 1929. Flowers and insects: lists of visitors to four hundred and fifty-three flowers. Carlinville, IL, USA, C. Robertson.
EOL:468351	Solidago missouriensis	RO:0002434	interacts with	EOL:23264661	Epimelissodes obliqua	GEONAMES:4896861	southwestern Illinois, USA					Robertson, C. 1929. Flowers and insects: lists of visitors to four hundred and fifty-three flowers. Carlinville, IL, USA, C. Robertson.
EOL:468351	Solidago missouriensis	RO:0002434	interacts with	EOL:734752	Zodion obliquefasciatum	GEONAMES:4896861	southwestern Illinois, USA					Robertson, C. 1929. Flowers and insects: lists of visitors to four hundred and fifty-three flowers. Carlinville, IL, USA, C. Robertson.
EOL:582404	Verbena stricta	RO:0002434	interacts with	EOL:29688730	Agapostemon radiatus	GEONAMES:4896861	southwestern Illinois, USA					Robertson, C. 1929. Flowers and insects: lists of visitors to four hundred and fifty-three flowers. Carlinville, IL, USA, C. Robertson.
EOL:582404	Verbena stricta	RO:0002434	interacts with	EOL:1045608	Apis mellifera	GEONAMES:4896861	southwestern Illinois, USA					Robertson, C. 1929. Flowers and insects: lists of visitors to four hundred and fifty-three flowers. Carlinville, IL, USA, C. Robertson.
EOL:582404	Verbena stricta	RO:0002434	interacts with	EOL:1065138	Bombus impatiens	GEONAMES:4896861	southwestern Illinois, USA					Robertson, C. 1929. Flowers and insects: lists of visitors to four hundred and fifty-three flowers. Carlinville, IL, USA, C. Robertson.
EOL:582404	Verbena stricta	RO:0002434	interacts with	EOL:2748144	Calliopsis andreniformis	GEONAMES:4896861	southwestern Illinois, USA					Robertson, C. 1929. Flowers and insects: lists of visitors to four hundred and fifty-three flowers. Carlinville, IL, USA, C. Robertson.
EOL:582404	Verbena stricta	RO:0002434	interacts with	EOL:23264661	Epimelissodes obliqua	GEONAMES:4896861	southwestern Illinois, USA					Robertson, C. 1929. Flowers and insects: lists of visitors to four hundred and fifty-three flowers. Carlinville, IL, USA, C. Robertson.
EOL:582404	Verbena stricta	RO:0002434	interacts with	EOL:2751035	Megachile brevis	GEONAMES:4896861	southwestern Illinois, USA					Robertson, C. 1929. Flowers and insects: lists of visitors to four hundred and fifty-three flowers. Carlinville, IL, USA, C. Robertson.
EOL:582404	Verbena stricta	RO:0002434	interacts with	EOL:2751631	Megachile mendica	GEONAMES:4896861	southwestern Illinois, USA					Robertson, C. 1929. Flowers and insects: lists of visitors to four hundred and fifty-three flowers. Carlinville, IL, USA, C. Robertson.
EOL:582404	Verbena stricta	RO:0002434	interacts with	EOL:2751820	Megachile petulans	GEONAMES:4896861	southwestern Illinois, USA					Robertson, C. 1929. Flowers and insects: lists of visitors to four hundred and fifty-three flowers. Carlinville, IL, USA, C. Robertson.
EOL:582404	Verbena stricta	RO:0002434	interacts with	EOL:734752	Zodion obliquefasciatum	GEONAMES:4896861	southwestern Illinois, USA					Robertson, C. 1929. Flowers and insects: lists of visitors to four hundred and fifty-three flowers. Carlinville, IL, USA, C. Robertson.
EOL:579782	Verbena urticaefolia	RO:0002434	interacts with	EOL:29688730	Agapostemon radiatus	GEONAMES:4896861	southwestern Illinois, USA					Robertson, C. 1929. Flowers and insects: lists of visitors to four hundred and fifty-three flowers. Carlinville, IL, USA, C. Robertson.
EOL:579782	Verbena urticaefolia	RO:0002434	interacts with	EOL:1045608	Apis mellifera	GEONAMES:4896861	southwestern Illinois, USA					Robertson, C. 1929. Flowers and insects: lists of visitors to four hundred and fifty-three flowers. Carlinville, IL, USA, C. Robertson.
EOL:579782	Verbena urticaefolia	RO:0002434	interacts with	EOL:1065138	Bombus impatiens	GEONAMES:4896861	southwestern Illinois, USA					Robertson, C. 1929. Flowers and insects: lists of visitors to four hundred and fifty-three flowers. Carlinville, IL, USA, C. Robertson.
EOL:579782	Verbena urticaefolia	RO:0002434	interacts with	EOL:2748144	Calliopsis andreniformis	GEONAMES:4896861	southwestern Illinois, USA					Robertson, C. 1929. Flowers and insects: lists of visitors to four hundred and fifty-three flowers. Carlinville, IL, USA, C. Robertson.
EOL:579782	Verbena urticaefolia	RO:0002434	interacts with	EOL:2751035	Megachile brevis	GEONAMES:4896861	southwestern Illinois, USA					Robertson, C. 1929. Flowers and insects: lists of visitors to four hundred and fifty-three flowers. Carlinville, IL, USA, C. Robertson.
EOL:579782	Verbena urticaefolia	RO:0002434	interacts with	EOL:2751631	Megachile mendica	GEONAMES:4896861	southwestern Illinois, USA					Robertson, C. 1929. Flowers and insects: lists of visitors to four hundred and fifty-three flowers. Carlinville, IL, USA, C. Robertson.
EOL:579782	Verbena urticaefolia	RO:0002434	interacts with	EOL:734752	Zodion obliquefasciatum	GEONAMES:4896861	southwestern Illinois, USA					Robertson, C. 1929. Flowers and insects: lists of visitors to four hundred and fifty-three flowers. Carlinville, IL, USA, C. Robertson.
EOL:484217	Zanthoxylum americanum	RO:0002434	interacts with	EOL:1045608	Apis mellifera	GEONAMES:4896861	southwestern Illinois, USA					Robertson, C. 1929. Flowers and insects: lists of visitors to four hundred and fifty-three flowers. Carlinville, IL, USA, C. Robertson.
EOL:1115259	Zea mays	RO:0002434	interacts with	EOL:1045608	Apis mellifera	GEONAMES:4896861	southwestern Illinois, USA					Robertson, C. 1929. Flowers and insects: lists of visitors to four hundred and fifty-three flowers. Carlinville, IL, USA, C. Robertson.
EOL:581486	Zizia aurea	RO:0002434	interacts with	EOL:42169160	Acmaeops nigripennis	GEONAMES:4896861	southwestern Illinois, USA					Robertson, C. 1929. Flowers and insects: lists of visitors to four hundred and fifty-three flowers. Carlinville, IL, USA, C. Robertson.
EOL:581486	Zizia aurea	RO:0002434	interacts with	EOL:29688730	Agapostemon radiatus	GEONAMES:4896861	southwestern Illinois, USA					Robertson, C. 1929. Flowers and insects: lists of visitors to four hundred and fifty-three flowers. Carlinville, IL, USA, C. Robertson.
EOL:581486	Zizia aurea	RO:0002434	interacts with	EOL:40726185	Agromyza aeneoventris	GEONAMES:4896861	southwestern Illinois, USA					Robertson, C. 1929. Flowers and insects: lists of visitors to four hundred and fifty-three flowers. Carlinville, IL, USA, C. Robertson.
EOL:581486	Zizia aurea	RO:0002434	interacts with	EOL:1045608	Apis mellifera	GEONAMES:4896861	southwestern Illinois, USA					Robertson, C. 1929. Flowers and insects: lists of visitors to four hundred and fifty-three flowers. Carlinville, IL, USA, C. Robertson.
EOL:581486	Zizia aurea	RO:0002434	interacts with	EOL:1065138	Bombus impatiens	GEONAMES:4896861	southwestern Illinois, USA					Robertson, C. 1929. Flowers and insects: lists of visitors to four hundred and fifty-three flowers. Carlinville, IL, USA, C. Robertson.
